<?xml version="1.0" encoding="UTF-8" standalone="yes"?>
<addon id="plugin.video.dltube" name="dltube" version="0.0.1" provider-name="none">
    <requires>
        <import addon="xbmc.python" version="2.25.0"/>
	<import addon="script.module.requests" version="2.4.3"/>

    </requires>
    <extension point="xbmc.python.pluginsource" library="main.py">
        <provides>video</provides>
    </extension>
    <extension point="xbmc.addon.metadata">
        <summary lang="en_GB">get videos from dltube server</summary>
        <description lang="en_GB"></description>
        <language></language>
        <platform>all</platform>
        <license>MPL-2.0</license>
        <forum></forum>
        <website> </website>
        <email> </email>
        <source></source>
        <news></news>
        <disclaimer></disclaimer>
        <assets>
            <icon>resources/icon.png</icon>
            <fanart>resources/fanart.jpg</fanart>
        </assets>
    </extension>
</addon>
